State / County Name,Median Household Income in Dollars,,,,
,,,,, Data from 2015
Alabama,"$44,833 ",,,,Retrieved from http://www.census.gov/did/www/saipe/data/interactive/saipe.html
Alaska,"$73,391 ",,,,
Arizona,"$51,473 ",,,,
Arkansas,"$42,046 ",,,,
California,"$64,483 ",,,,
Colorado,"$63,945 ",,,,
Connecticut,"$71,333 ",,,,
Delaware,"$61,327 ",,,,
District of Columbia,"$73,115 ",,,,
Florida,"$49,416 ",,,,
Georgia,"$51,225 ",,,,
Hawaii,"$73,097 ",,,,
Idaho,"$48,311 ",,,,
Illinois,"$59,590 ",,,,
Indiana,"$50,510 ",,,,
Iowa,"$54,843 ",,,,
Kansas,"$53,802 ",,,,
Kentucky,"$45,178 ",,,,
Louisiana,"$45,829 ",,,,
Maine,"$51,419 ",,,,
Maryland,"$75,784 ",,,,
Massachusetts,"$70,659 ",,,,
Michigan,"$51,063 ",,,,
Minnesota,"$63,459 ",,,,
Mississippi,"$40,630 ",,,,
Missouri,"$50,200 ",,,,
Montana,"$49,650 ",,,,
Nebraska,"$55,073 ",,,,
Nevada,"$52,544 ",,,,
New Hampshire,"$70,003 ",,,,
New Jersey,"$72,337 ",,,,
New Mexico,"$45,524 ",,,,
New York,"$60,805 ",,,,
North Carolina,"$47,884 ",,,,
North Dakota,"$61,674 ",,,,
Ohio,"$51,086 ",,,,
Oklahoma,"$48,595 ",,,,
Oregon,"$54,074 ",,,,
Pennsylvania,"$55,683 ",,,,
Rhode Island,"$57,265 ",,,,
South Carolina,"$47,308 ",,,,
South Dakota,"$53,263 ",,,,
Tennessee,"$47,243 ",,,,
Texas,"$55,668 ",,,,
Utah,"$62,961 ",,,,
Vermont,"$56,883 ",,,,
Virginia,"$66,263 ",,,,
Washington,"$64,080 ",,,,
West Virginia,"$41,969 ",,,,
Wisconsin,"$55,623 ",,,,
Wyoming,"$61,213 ",,,,
