State / County Name,Median Household Income in Dollars,All Ages in Poverty Count,,,, Data from 2015,,,,,,
,,,,,,Retrieved from http://www.census.gov/did/www/saipe/data/interactive/saipe.html,State,Total Number of Registered Weapons,,,,
Alabama,"$44,833 ","875,853",,,,,Alabama,"114,419",,,,Data from: https://www.atf.gov/file/89561/download
Alaska,"$73,391 ","74,941",,,,,Alaska,"12,424",,,,
Arizona,"$51,473 ","1,159,046",,,,,Arkansas,"65,425",,,,
Arkansas,"$42,046 ","540,733",,,,,Arizona,"136,115",,,,
California,"$64,483 ","5,896,255",,,,,California,"312,264",,,,
Colorado,"$63,945 ","614,410",,,,,Colorado,"71,452",,,,
Connecticut,"$71,333 ","367,867",,,,,Connecticut,"49,877",,,,
Delaware,"$61,327 ","115,655",,,,,District of Columbia,"45,125",,,,
District of Columbia,"$73,115 ","113,185",,,,,Delaware,"4,087",,,,
Florida,"$49,416 ","3,129,061",,,,,Florida,"254,391",,,,
Georgia,"$51,225 ","1,705,831",,,,,Georgia,"168,162",,,,
Hawaii,"$73,097 ","149,091",,,,,Hawaii,"7,403",,,,
Idaho,"$48,311 ","238,646",,,,,Iowa,"31,117",,,,
Illinois,"$59,590 ","1,702,210",,,,,Idaho,"44,560",,,,
Indiana,"$50,510 ","924,428",,,,,Illinois,"121,421",,,,
Iowa,"$54,843 ","366,453",,,,,Indiana,"100,386",,,,
Kansas,"$53,802 ","366,069",,,,,Kansas,"34,826",,,,
Kentucky,"$45,178 ","786,345",,,,,Kentucky,"63,628",,,,
Louisiana,"$45,829 ","885,846",,,,,Louisiana,"80,605",,,,
Maine,"$51,419 ","171,266",,,,,Massachusetts,"34,433",,,,
Maryland,"$75,784 ","583,369",,,,,Maryland,"94,619",,,,
Massachusetts,"$70,659 ","752,453",,,,,Maine,"12,545",,,,
Michigan,"$51,063 ","1,524,330",,,,,Michigan,"47,791",,,,
Minnesota,"$63,459 ","546,499",,,,,Minnesota,"58,239",,,,
Mississippi,"$40,630 ","638,919",,,,,Missouri,"58,475",,,,
Missouri,"$50,200 ","875,704",,,,,Mississippi,"24,081",,,,
Montana,"$49,650 ","144,634",,,,,Montana,"12,798",,,,
Nebraska,"$55,073 ","224,696",,,,,North Carolina,"122,288",,,,
Nevada,"$52,544 ","424,824",,,,,North Dakota,"8,122",,,,
New Hampshire,"$70,003 ","108,293",,,,,Nebraska,"15,956",,,,
New Jersey,"$72,337 ","945,989",,,,,New Hampshire,"23,061",,,,
New Mexico,"$45,524 ","405,364",,,,,New Jersey,"54,612",,,,
New York,"$60,805 ","2,985,604",,,,,New Mexico,"89,220",,,,
North Carolina,"$47,884 ","1,607,249",,,,,Nevada,"64,090",,,,
North Dakota,"$61,674 ","78,613",,,,,New York,"69,680",,,,
Ohio,"$51,086 ","1,670,487",,,,,Ohio,"135,267",,,,
Oklahoma,"$48,595 ","608,507",,,,,Oklahoma,"58,213",,,,
Oregon,"$54,074 ","601,626",,,,,Oregon,"48,751",,,,
Pennsylvania,"$55,683 ","1,624,991",,,,,Pennsylvania,"225,377",,,,
Rhode Island,"$57,265 ","143,724",,,,,Rhode Island,"4,054",,,,
South Carolina,"$47,308 ","796,609",,,,,South Carolina,"68,312",,,,
South Dakota,"$53,263 ","111,697",,,,,South Dakota,"11,989",,,,
Tennessee,"$47,243 ","1,077,866",,,,,Tennessee,"80,701",,,,
Texas,"$55,668 ","4,255,690",,,,,Texas,"403,185",,,,
Utah,"$62,961 ","331,233",,,,,Utah,"77,193",,,,
Vermont,"$56,883 ","62,643",,,,,Virginia,"268,234",,,,
Virginia,"$66,263 ","914,226",,,,,Vermont,"4,199",,,,
Washington,"$64,080 ","860,734",,,,,Washington,"68,427",,,,
West Virginia,"$41,969 ","322,589",,,,,Wisconsin,"49,722",,,,
Wisconsin,"$55,623 ","679,937",,,,,West Virginia,"23,415",,,,
Wyoming,"$61,213 ","60,787",,,,,Wyoming,"124,176",,,,
