State,Weapons #,Median Income
Alabama,114419,44833
Alaska,12424,73391
Arkansas,65425,51473
Arizona,136115,42046
California,312264,64483
Colorado,71452,63945
Connecticut,49877,71333
District of Columbia,45125,61327
Delaware,4087,73115
Florida,254391,49416
Georgia,168162,51225
Hawaii,7403,73097
Iowa,31117,48311
Idaho,44560,59590
Illinois,121421,50510
Indiana,100386,54843
Kansas,34826,53802
Kentucky,63628,45178
Louisiana,80605,45829
Massachusetts,34433,51419
Maryland,94619,75784
Maine,12545,70659
Michigan,47791,51063
Minnesota,58239,63459
Missouri,58475,40630
Mississippi,24081,50200
Montana,12798,49650
North Carolina,122288,55073
North Dakota,8122,52544
Nebraska,15956,70003
New Hampshire,23061,72337
New Jersey,54612,45524
New Mexico,89220,60805
Nevada,64090,47884
New York,69680,61674
Ohio,135267,51086
Oklahoma,58213,48595
Oregon,48751,54074
Pennsylvania,225377,55683
Rhode Island,4054,57265
South Carolina,68312,47308
South Dakota,11989,53263
Tennessee,80701,47243
Texas,403185,55668
Utah,77193,62961
Virginia,268234,56883
Vermont,4199,66263
Washington,68427,64080
Wisconsin,49722,41969
West Virginia,23415,55623
Wyoming,124176,61213
